medicine_id,medicine_name,generic_name,category,dosage_form,strength,unit_cost,selling_price,shelf_life_days
MED001,Diclofenac 10mg,Diclofenac,Respiratory,Tablet,10mg,12.62,18.52,180
MED002,Ranitidine 5mg,Ranitidine,Antibiotic,Tablet,5mg,11.32,21.58,180
MED003,Ranitidine 50mg,Ranitidine,Vitamins & Supplements,Injection,50mg,14.27,33.44,365
MED004,Sertraline 250mg,Sertraline,Antibiotic,Tablet,250mg,19.31,33.42,540
MED005,Montelukast 10mg,Montelukast,Antibiotic,Injection,10mg,27.83,63.88,1095
MED006,Metformin 5mg,Metformin,Cardiovascular,Drops,5mg,38.77,96.24,365
MED007,Alprazolam 250mg,Alprazolam,Gastrointestinal,Capsule,250mg,18.09,38.07,180
MED008,Omeprazole 650mg,Omeprazole,Respiratory,Injection,650mg,49.48,102.32,1095
MED009,Amoxicillin 50mg,Amoxicillin,Analgesic,Inhaler,50mg,40.35,71.88,180
MED010,Pantoprazole 50mg,Pantoprazole,Neurological,Drops,50mg,20.08,48.14,730
MED011,Montelukast 100mg,Montelukast,Vitamins & Supplements,Drops,100mg,21.71,43.43,540
MED012,Metformin 5mg,Metformin,Antibiotic,Inhaler,5mg,8.07,12.04,730
MED013,Gliclazide 1000mg,Gliclazide,Ophthalmic,Syrup,1000mg,43.11,56.64,180
MED014,Diclofenac 250mg,Diclofenac,Respiratory,Tablet,250mg,22.02,40.62,540
MED015,Atorvastatin 10ml,Atorvastatin,Ophthalmic,Syrup,10ml,30.64,45.45,365
MED016,Paracetamol 5ml,Paracetamol,Neurological,Syrup,5ml,1.46,3.53,540
MED017,Metformin 10mg,Metformin,Neurological,Drops,10mg,40.89,101.14,1095
MED018,Montelukast 25mg,Montelukast,Ophthalmic,Syrup,25mg,43.69,78.98,365
MED019,Doxycycline 100mg,Doxycycline,Gastrointestinal,Injection,100mg,22.19,42.63,180
MED020,Montelukast 50mg,Montelukast,Cardiovascular,Ointment,50mg,0.86,1.85,180
MED021,Metformin 1000mg,Metformin,Respiratory,Capsule,1000mg,33.61,52.33,365
MED022,Ibuprofen 650mg,Ibuprofen,Dermatological,Inhaler,650mg,9.93,14.06,730
MED023,Amoxicillin 10ml,Amoxicillin,Antibiotic,Drops,10ml,3.5,7.61,180
MED024,Ranitidine 25mg,Ranitidine,Neurological,Syrup,25mg,12.87,30.99,730
MED025,Diclofenac 1000mg,Diclofenac,Analgesic,Inhaler,1000mg,48.47,116.89,365
MED026,Telmisartan 5mg,Telmisartan,Dermatological,Capsule,5mg,0.61,1.08,730
MED027,Escitalopram 1000mg,Escitalopram,Neurological,Drops,1000mg,8.16,13.51,180
MED028,Amoxicillin 5mg,Amoxicillin,Neurological,Ointment,5mg,25.39,58.99,365
MED029,Metformin 5ml,Metformin,Cardiovascular,Tablet,5ml,20.49,49.79,1095
MED030,Ranitidine 10ml,Ranitidine,Vitamins & Supplements,Ointment,10ml,26.38,63.88,365
MED031,Amlodipine 10ml,Amlodipine,Respiratory,Drops,10ml,23.13,55.85,180
MED032,Atorvastatin 10mg,Atorvastatin,Cardiovascular,Ointment,10mg,25.54,37.26,540
MED033,Omeprazole 650mg,Omeprazole,Ophthalmic,Inhaler,650mg,35.33,71.86,1095
MED034,Tramadol 10mg,Tramadol,Respiratory,Capsule,10mg,6.21,8.87,1095
MED035,Pantoprazole 50mg,Pantoprazole,Respiratory,Drops,50mg,25.52,40.87,180
MED036,Paracetamol 250mg,Paracetamol,antidiabetic,Inhaler,250mg,32.04,51.72,730
MED037,Metformin 100ml,Metformin,Ophthalmic,Capsule,100ml,2.28,3.97,1095
MED038,Prednisolone 5mg,Prednisolone,Cardiovascular,Syrup,5mg,34.26,71.96,540
MED039,Rosuvastatin 100ml,Rosuvastatin,Cardiovascular,Capsule,100ml,43.3,107.01,365
MED040,Pantoprazole 500mg,Pantoprazole,Cardiovascular,Inhaler,500mg,13.71,30.78,180
MED041,Azithromycin 650mg,Azithromycin,Respiratory,Syrup,650mg,41.12,96.45,365
MED042,Diazepam 10mg,Diazepam,Respiratory,Inhaler,10mg,17.88,34.17,1095
MED043,Losartan 25mg,Losartan,Respiratory,Ointment,25mg,2.39,4.82,540
MED044,Salbutamol 10mg,Salbutamol,Vitamins & Supplements,Injection,10mg,9.91,13.41,730
MED045,Gabapentin 100ml,Gabapentin,Cardiovascular,Drops,100ml,18.53,25.64,540
MED046,Prednisolone 100mg,Prednisolone,Respiratory,Ointment,100mg,33.51,56.68,540
MED047,Telmisartan 10ml,Telmisartan,Antidiabetic,Drops,10ml,30.97,51.45,1095
MED048,Escitalopram 5ml,Escitalopram,Gastrointestinal,Ointment,5ml,23.52,43.06,365
MED049,Gabapentin 25mg,Gabapentin,Antibiotic,Drops,25mg,14.55,30.51,1095
MED050,Tramadol 100mg,Tramadol,Cardiovascular,Capsule,100mg,7.79,10.56,730
MED051,Prednisolone 10ml,Prednisolone,cardiovascular,Ointment,10ml,36.06,63.49,730
MED052,Sertraline 10mg,Sertraline,Dermatological,Inhaler,10mg,11.33,25.66,1095
MED053,Atorvastatin 650mg,Atorvastatin,Neurological,Capsule,650mg,33.55,83.39,1095
MED054,Alprazolam 100ml,Alprazolam,Dermatological,Ointment,100ml,41.61,81.45,365
MED055,Ibuprofen 10ml,Ibuprofen,Ophthalmic,Syrup,10ml,24.49,38.87,730
MED056,Pantoprazole 1000mg,Pantoprazole,Antidiabetic,Tablet,1000mg,7.97,14.02,365
MED057,Montelukast 650mg,Montelukast,Analgesic,Injection,650mg,#NAME?,19.38,1095
MED058,Clopidogrel 500mg,Clopidogrel,Analgesic,Injection,500mg,47.17,78.22,730
MED059,Gabapentin 100ml,Gabapentin,Vitamins & Supplements,Ointment,100ml,44.94,84.75,540
MED060,Tramadol 500mg,Tramadol,Antidiabetic,Drops,500mg,42.11,101.21,1095
MED061,Tramadol 5mg,Tramadol,Dermatological,Tablet,5mg,7.22,13.39,180
MED062,Pantoprazole 500mg,Pantoprazole,Dermatological,Syrup,500mg,12.99,18.16,180
MED063,Ibuprofen 10ml,Ibuprofen,Analgesic,Tablet,10ml,37.83,92.29,365
MED064,Levothyroxine 10ml,Levothyroxine,Vitamins & Supplements,Tablet,10ml,47.41,88.09,540
MED065,Gabapentin 100ml,Gabapentin,Antidiabetic,Tablet,100ml,48.25,68.98,180
MED066,Telmisartan 500mg,Telmisartan,Cardiovascular,Drops,500mg,4.26,9.07,365
MED067,Rosuvastatin 10mg,Rosuvastatin,Vitamins & Supplements,Inhaler,10mg,39.24,67.36,730
MED068,Paracetamol 500mg,Paracetamol,Neurological,Inhaler,500mg,5.72,14.03,730
MED069,Diclofenac 100mg,Diclofenac,Ophthalmic,Ointment,100mg,38.84,72.16,1095
MED070,Metformin 100mg,Metformin,Cardiovascular,Injection,100mg,37.65,74.69,730
MED071,Levothyroxine 50mg,Levothyroxine,Respiratory,Syrup,50mg,17.35,40.88,540
MED072,Ibuprofen 100ml,Ibuprofen,Neurological,Injection,100ml,27.98,44.44,730
MED073,Metformin 100mg,Metformin,Dermatological,Capsule,100mg,34.74,57.93,1095
MED074,Gabapentin 1000mg,Gabapentin,Gastrointestinal,Syrup,1000mg,35.29,57.35,540
MED075,Gabapentin 1000mg,Gabapentin,Antidiabetic,Inhaler,1000mg,9.98,21.82,540
MED076,Cetirizine 10mg,Cetirizine,Cardiovascular,Inhaler,10mg,15.16,26.27,540
MED077,Amoxicillin 1000mg,Amoxicillin,Antidiabetic,Syrup,1000mg,32.07,70.66,180
MED078,Gliclazide 250mg,Gliclazide,Analgesic,Capsule,250mg,13,30.34,180
MED079,Diclofenac 10ml,Diclofenac,Antidiabetic,Tablet,10ml,7.89,15.59,540
MED080,Ranitidine 5ml,Ranitidine,Vitamins & Supplements,Ointment,5ml,11.67,22.49,730
MED081,Ranitidine 100mg,Ranitidine,Vitamins & Supplements,Ointment,100mg,3.48,8.53,180
MED082,Tramadol 10mg,Tramadol,Cardiovascular,Capsule,10mg,9.1,12.65,180
MED083,Amoxicillin 50mg,Amoxicillin,Respiratory,Syrup,50mg,35.3,65.12,365
MED084,Tramadol 50mg,Tramadol,Antibiotic,Injection,50mg,27.46,57.04,540
MED085,Cetirizine 5ml,Cetirizine,Vitamins & Supplements,Drops,5ml,46.1,84.22,730
MED086,Salbutamol 1000mg,Salbutamol,Neurological,Injection,1000mg,4.48,6.04,730
MED087,Ibuprofen 10ml,Ibuprofen,Vitamins & Supplements,Inhaler,10ml,29.56,39.16,540
MED088,Salbutamol 10ml,Salbutamol,Respiratory,Injection,10ml,9.48,18.98,730
MED089,Pantoprazole 10ml,Pantoprazole,Antidiabetic,Tablet,10ml,16.83,35.89,540
MED090,Amoxicillin 650mg,Amoxicillin,gastrointestinal,Tablet,650mg,12.99,18.69,730
MED091,Diazepam 1000mg,Diazepam,Dermatological,Injection,1000mg,3.18,6.11,1095
MED092,Azithromycin 100mg,Azithromycin,Antidiabetic,Ointment,100mg,46.42,84.75,730
MED093,Ibuprofen 100ml,Ibuprofen,Respiratory,Capsule,100ml,27.77,54.5,180
MED094,Atorvastatin 10ml,Atorvastatin,Antidiabetic,Inhaler,10ml,25.17,54.37,1095
MED095,Levothyroxine 50mg,Levothyroxine,Ophthalmic,Injection,50mg,7.66,11.71,1095
MED096,Losartan 500mg,Losartan,Ophthalmic,Syrup,500mg,13.73,17.89,540
MED097,Diazepam 25mg,Diazepam,Ophthalmic,Injection,25mg,24.47,41.57,1095
MED098,Doxycycline 50mg,Doxycycline,Dermatological,Ointment,50mg,12.06,26.9,180
MED099,Telmisartan 500mg,Telmisartan,Antidiabetic,Drops,500mg,25.02,33.64,1095
MED100,Diazepam 650mg,Diazepam,Ophthalmic,Tablet,650mg,45.57,60.08,365
MED101,Levothyroxine 100mg,Levothyroxine,Vitamins & Supplements,Syrup,100mg,34.79,72.36,540
MED102,Pantoprazole 10ml,Pantoprazole,Neurological,Drops,10ml,43.68,58.67,180
MED103,Ibuprofen 100ml,Ibuprofen,Dermatological,Tablet,100ml,48.93,108.25,180
MED104,Amoxicillin 250mg,Amoxicillin,Analgesic,Inhaler,250mg,15.02,26.28,365
MED105,Omeprazole 25mg,Omeprazole,Antibiotic,Capsule,25mg,30.67,53.95,365
MED106,Diclofenac 100mg,Diclofenac,Respiratory,Injection,100mg,33.51,79.71,730
MED107,Gliclazide 250mg,Gliclazide,Respiratory,Ointment,250mg,32.13,58.13,540
MED108,Diazepam 650mg,Diazepam,Cardiovascular,Tablet,650mg,19.38,33.54,540
MED109,Tramadol 500mg,Tramadol,Analgesic,Syrup,500mg,28.51,60.53,180
MED110,Prednisolone 100mg,Prednisolone,Cardiovascular,Inhaler,100mg,30.55,52.63,365
MED111,Tramadol 10ml,Tramadol,Antidiabetic,Inhaler,10ml,31.6,75.34,180
MED112,Gabapentin 25mg,Gabapentin,Respiratory,Tablet,25mg,16.67,29.98,365
MED113,Salbutamol 1000mg,Salbutamol,Antidiabetic,Syrup,1000mg,13.22,30.27,730
MED114,Escitalopram 10mg,Escitalopram,Antibiotic,Injection,10mg,7.47,18.37,730
MED115,Escitalopram 500mg,Escitalopram,Respiratory,Tablet,500mg,27.06,49.95,540
MED116,Atorvastatin 10ml,Atorvastatin,Neurological,Capsule,10ml,1.74,4.11,1095
MED117,Diclofenac 650mg,Diclofenac,Respiratory,Drops,650mg,32.64,47,180
MED118,Atorvastatin 50mg,Atorvastatin,Antidiabetic,Ointment,50mg,19.74,34.45,1095
MED119,Ranitidine 10ml,Ranitidine,Neurological,Tablet,10ml,30.97,75.16,540
MED120,Ibuprofen 250mg,Ibuprofen,Gastrointestinal,Tablet,250mg,27.45,67.9,540
MED121,Diazepam 650mg,Diazepam,Cardiovascular,Tablet,650mg,32.26,65.05,180
MED122,Escitalopram 5ml,Escitalopram,Antibiotic,Capsule,5ml,41.58,81.71,1095
MED123,Amlodipine 5ml,Amlodipine,Respiratory,Tablet,5ml,42.99,63.35,365
MED124,Diazepam 5mg,Diazepam,Analgesic,Capsule,5mg,18.23,40.95,1095
MED125,Gabapentin 500mg,Gabapentin,Antibiotic,Ointment,500mg,37.41,70.01,540
MED126,Rosuvastatin 5mg,Rosuvastatin,Ophthalmic,Drops,5mg,15.43,31.97,180
MED127,Tramadol 10mg,Tramadol,Neurological,Injection,10mg,4.14,5.78,1095
MED128,Clopidogrel 1000mg,Clopidogrel,Gastrointestinal,Drops,1000mg,19.35,39.03,540
MED129,Doxycycline 10mg,Doxycycline,Ophthalmic,Inhaler,10mg,36.18,56.37,730
MED130,Telmisartan 500mg,Telmisartan,Antibiotic,Drops,500mg,15.97,26.75,540
MED131,Metformin 10mg,Metformin,Antibiotic,Inhaler,10mg,5.11,7.24,540
MED132,Montelukast 1000mg,Montelukast,Antibiotic,Syrup,1000mg,20.84,48.94,730
MED133,Rosuvastatin 100mg,Rosuvastatin,Antibiotic,Syrup,100mg,29.11,45.27,730
MED134,Ciprofloxacin 10mg,Ciprofloxacin,Respiratory,Inhaler,10mg,28.92,65.61,1095
MED135,Diclofenac 1000mg,Diclofenac,Vitamins & Supplements,Tablet,1000mg,46.49,106.71,540
MED136,Hydrochlorothiazide 250mg,Hydrochlorothiazide,Analgesic,Syrup,250mg,9.48,13.95,730
MED137,Metformin 100ml,Metformin,Cardiovascular,Ointment,100ml,19.12,35.26,365
MED138,Clopidogrel 5ml,Clopidogrel,Analgesic,Tablet,5ml,8.2,18.08,180
MED139,Levothyroxine 5ml,Levothyroxine,Dermatological,Injection,5ml,14.02,30.93,180
MED140,Clopidogrel 650mg,Clopidogrel,Respiratory,Ointment,650mg,2.75,4.88,1095
MED141,Sertraline 25mg,Sertraline,Respiratory,Inhaler,25mg,14.83,21.41,730
MED142,Doxycycline 50mg,Doxycycline,Ophthalmic,Ointment,50mg,41.75,94.67,180
MED143,Gliclazide 10mg,Gliclazide,Gastrointestinal,Inhaler,10mg,29,57.65,730
MED144,Omeprazole 5ml,Omeprazole,Gastrointestinal,Injection,5ml,4.86,11.24,365
MED145,Diazepam 100mg,Diazepam,Gastrointestinal,Drops,100mg,11.47,25.63,180
MED146,Prednisolone 250mg,Prednisolone,Antidiabetic,Syrup,250mg,12.2,18,365
MED147,Metformin 25mg,Metformin,Neurological,Inhaler,25mg,23.47,46.39,1095
MED148,Diclofenac 5ml,Diclofenac,Gastrointestinal,Syrup,5ml,7.97,11.01,730
MED149,Ciprofloxacin 1000mg,Ciprofloxacin,Respiratory,Tablet,1000mg,23.36,31.42,540
MED150,Diazepam 10mg,Diazepam,Vitamins & Supplements,Ointment,10mg,25.6,47.49,1095
MED151,Hydrochlorothiazide 5ml,Hydrochlorothiazide,Cardiovascular,Drops,5ml,16.42,30.72,365
MED152,Alprazolam 250mg,Alprazolam,Antibiotic,Drops,250mg,25.48,38.4,365
MED153,Rosuvastatin 25mg,Rosuvastatin,Gastrointestinal,Syrup,25mg,45.94,81.08,540
MED154,Pantoprazole 10mg,Pantoprazole,Antibiotic,Syrup,10mg,28.12,49.6,540
MED155,Diazepam 25mg,Diazepam,Antibiotic,Syrup,25mg,29.35,43.14,540
MED156,Amlodipine 5ml,Amlodipine,Antibiotic,Drops,5ml,15.82,27.72,540
MED157,Gabapentin 10ml,Gabapentin,Antibiotic,Ointment,10ml,32.48,58.73,540
MED158,Pantoprazole 650mg,Pantoprazole,Cardiovascular,Capsule,650mg,50,74.3,540
MED159,Alprazolam 100ml,Alprazolam,Analgesic,Ointment,100ml,33.27,78.24,1095
MED160,Alprazolam 100ml,Alprazolam,Vitamins & Supplements,Inhaler,100ml,40.55,60.77,730
MED161,Gliclazide 5ml,Gliclazide,Neurological,Syrup,5ml,12.08,19.17,730
MED162,Clopidogrel 650mg,Clopidogrel,Respiratory,Injection,650mg,39.02,74.27,730
MED163,Amlodipine 100mg,Amlodipine,Neurological,Tablet,100mg,43.77,86.03,180
MED164,Metformin 25mg,Metformin,Neurological,Syrup,25mg,45.31,66.91,730
MED165,Prednisolone 250mg,Prednisolone,Dermatological,Tablet,250mg,3.14,5.97,365
MED166,Pantoprazole 10mg,Pantoprazole,Gastrointestinal,Inhaler,10mg,39.67,58.12,540
MED167,Sertraline 100ml,Sertraline,Neurological,Injection,100ml,30.96,73.9,180
MED168,Gabapentin 5ml,Gabapentin,Dermatological,Ointment,5ml,6,9.87,540
MED169,Rosuvastatin 650mg,Rosuvastatin,Antibiotic,Tablet,650mg,41.92,79.64,1095
MED170,Amlodipine 100mg,Amlodipine,Analgesic,Injection,100mg,30.93,49.14,730
MED171,Ciprofloxacin 10mg,Ciprofloxacin,Ophthalmic,Ointment,10mg,25.61,63.67,1095
MED172,Telmisartan 250mg,Telmisartan,Analgesic,Syrup,250mg,18.18,25.11,365
MED173,Gabapentin 250mg,Gabapentin,Analgesic,Capsule,250mg,17.94,30.61,365
MED174,Levothyroxine 10ml,Levothyroxine,Antidiabetic,Capsule,10ml,3.62,8.08,730
MED175,Prednisolone 5mg,Prednisolone,Respiratory,Syrup,5mg,26.01,64.69,1095
MED176,Cetirizine 250mg,Cetirizine,Analgesic,Inhaler,250mg,43.36,73.64,180
MED177,Gliclazide 500mg,Gliclazide,Antidiabetic,Syrup,500mg,25.06,47.54,1095
MED178,Ranitidine 5ml,Ranitidine,Antidiabetic,Inhaler,5ml,27.5,46.35,180
MED179,Doxycycline 500mg,Doxycycline,Neurological,Capsule,500mg,17.9,24.18,540
MED180,Escitalopram 5mg,Escitalopram,Dermatological,Tablet,5mg,18.48,41.79,365
MED181,Escitalopram 650mg,Escitalopram,Antidiabetic,Tablet,650mg,3.83,8.56,540
MED182,Amlodipine 10ml,Amlodipine,Gastrointestinal,Injection,10ml,18.91,41.9,1095
MED183,Losartan 50mg,Losartan,Analgesic,Tablet,50mg,36.92,70.11,730
MED184,Doxycycline 650mg,Doxycycline,Vitamins & Supplements,Capsule,650mg,14.64,35.13,730
MED185,Omeprazole 100ml,Omeprazole,Antibiotic,Injection,100ml,40.62,99.97,540
MED186,Cetirizine 100mg,Cetirizine,Antidiabetic,Inhaler,100mg,35.73,86.21,365
MED187,Azithromycin 25mg,Azithromycin,Neurological,Capsule,25mg,1.8,3.54,540
MED188,Prednisolone 10mg,Prednisolone,Respiratory,Tablet,10mg,20.21,43.66,730
MED189,Metformin 25mg,Metformin,Antibiotic,Syrup,25mg,22.77,48.18,540
MED190,Clopidogrel 25mg,Clopidogrel,Antidiabetic,Inhaler,25mg,21.91,52.43,180
MED191,Omeprazole 250mg,Omeprazole,Cardiovascular,Drops,250mg,17.63,42.82,540
MED192,Montelukast 100mg,Montelukast,Respiratory,Capsule,100mg,30.91,43.65,365
MED193,Rosuvastatin 100ml,Rosuvastatin,Gastrointestinal,Ointment,100ml,42.21,83.42,180
MED194,Losartan 10ml,Losartan,Vitamins & Supplements,Capsule,10ml,21.12,43.65,730
MED195,Cetirizine 650mg,Cetirizine,Dermatological,Capsule,650mg,15.22,21.12,180
MED196,Pantoprazole 5ml,Pantoprazole,Gastrointestinal,Capsule,5ml,43.14,72.61,540
MED197,Montelukast 10mg,Montelukast,Cardiovascular,Syrup,10mg,23.59,38.24,365
MED198,Diazepam 5ml,Diazepam,Cardiovascular,Injection,5ml,48.15,114.73,540
MED199,Omeprazole 650mg,Omeprazole,Neurological,Ointment,650mg,25.19,42.07,180
MED200,Ibuprofen 50mg,Ibuprofen,Gastrointestinal,Ointment,50mg,2.91,4.77,1095
MED201,Montelukast 5mg,Montelukast,Antibiotic,Inhaler,5mg,21.83,51.5,540
MED202,Clopidogrel 1000mg,Clopidogrel,Gastrointestinal,Capsule,1000mg,27.88,38.7,1095
MED203,Rosuvastatin 10ml,Rosuvastatin,Antibiotic,Ointment,10ml,6.87,9.73,540
MED204,Sertraline 25mg,Sertraline,Vitamins & Supplements,Capsule,25mg,25.7,48.83,180
MED205,Salbutamol 650mg,Salbutamol,Vitamins & Supplements,Capsule,650mg,44.71,65.62,1095
MED206,Alprazolam 100mg,Alprazolam,Gastrointestinal,Ointment,100mg,25.61,48.96,730
MED207,Ciprofloxacin 250mg,Ciprofloxacin,Antibiotic,Drops,250mg,49,98.02,180
MED208,Sertraline 5ml,Sertraline,Cardiovascular,Ointment,5ml,36.21,72.43,365
MED209,Telmisartan 25mg,Telmisartan,Cardiovascular,Inhaler,25mg,2.06,5.02,180
MED210,Ranitidine 100ml,Ranitidine,Dermatological,Capsule,100ml,25.34,51.54,730
MED211,Amlodipine 1000mg,Amlodipine,Ophthalmic,Capsule,1000mg,16.59,34.75,1095
MED212,Montelukast 250mg,Montelukast,Gastrointestinal,Ointment,250mg,33.96,79.51,540
MED213,Montelukast 100mg,Montelukast,Respiratory,Capsule,100mg,38.67,82.98,730
MED214,Escitalopram 100ml,Escitalopram,Respiratory,Syrup,100ml,6.53,13.79,730
MED215,Sertraline 25mg,Sertraline,Analgesic,Syrup,25mg,14.74,31.79,540
MED216,Azithromycin 50mg,Azithromycin,Ophthalmic,Inhaler,50mg,13.92,27.48,540
MED217,Ibuprofen 5mg,Ibuprofen,Ophthalmic,Drops,5mg,11.67,18.43,180
MED218,Sertraline 25mg,Sertraline,Ophthalmic,Tablet,25mg,48.91,72.85,730
MED219,Pantoprazole 100mg,Pantoprazole,Analgesic,Drops,100mg,45.44,63.95,1095
MED220,Amoxicillin 25mg,Amoxicillin,Antidiabetic,Injection,25mg,46.73,62.79,730
MED221,Diazepam 100mg,Diazepam,Analgesic,Tablet,100mg,15.27,30.9,540
MED222,Levothyroxine 25mg,Levothyroxine,Ophthalmic,Inhaler,25mg,23.67,36.25,180
MED223,Doxycycline 25mg,Doxycycline,Gastrointestinal,Tablet,25mg,39.64,78.54,365
MED224,Alprazolam 500mg,Alprazolam,Gastrointestinal,Ointment,500mg,4.79,10.07,365
MED225,Paracetamol 100mg,Paracetamol,cardiovascular,Injection,100mg,22.61,36.64,540
MED226,Diclofenac 250mg,Diclofenac,Cardiovascular,Drops,250mg,3.58,5.16,540
MED227,Prednisolone 100ml,Prednisolone,Respiratory,Inhaler,100ml,34.67,71.64,540
MED228,Levothyroxine 25mg,Levothyroxine,Vitamins & Supplements,Injection,25mg,18.99,40.68,730
MED229,Sertraline 50mg,Sertraline,Vitamins & Supplements,Drops,50mg,43.72,61.13,730
MED230,Atorvastatin 5mg,Atorvastatin,Ophthalmic,Inhaler,5mg,45.19,69.71,1095
MED231,Atorvastatin 10ml,Atorvastatin,Vitamins & Supplements,Capsule,10ml,24.7,58.75,730
MED232,Gliclazide 5ml,Gliclazide,Ophthalmic,Tablet,5ml,23.39,53.06,180
MED233,Clopidogrel 10mg,Clopidogrel,Dermatological,Tablet,10mg,17.55,24.16,180
MED234,Amoxicillin 100mg,Amoxicillin,Antidiabetic,Injection,100mg,38.56,85.56,730
MED235,Hydrochlorothiazide 500mg,Hydrochlorothiazide,Antibiotic,Injection,500mg,34.3,71.83,1095
MED236,Montelukast 500mg,Montelukast,Antidiabetic,Ointment,500mg,36.53,57.25,180
MED237,Gabapentin 1000mg,Gabapentin,Ophthalmic,Injection,1000mg,19.27,30.36,730
MED238,Gabapentin 10mg,Gabapentin,Dermatological,Tablet,10mg,30.94,74.98,180
MED239,Gliclazide 5ml,Gliclazide,Analgesic,Drops,5ml,12.61,17.06,730
MED240,Amoxicillin 25mg,Amoxicillin,Respiratory,Ointment,25mg,12.09,29.01,1095
MED241,Pantoprazole 50mg,Pantoprazole,Antidiabetic,Syrup,50mg,49.29,94.91,730
MED242,Prednisolone 100ml,Prednisolone,Dermatological,Capsule,100ml,28.01,37.99,540
MED243,Pantoprazole 100ml,Pantoprazole,Dermatological,Injection,100ml,7.89,13.82,1095
MED244,Doxycycline 25mg,Doxycycline,Neurological,Inhaler,25mg,45.78,90.41,730
MED245,Azithromycin 250mg,Azithromycin,Antibiotic,Drops,250mg,46.15,106.91,180
MED246,Telmisartan 10ml,Telmisartan,Vitamins & Supplements,Ointment,10ml,2.46,3.41,1095
MED247,Diazepam 250mg,Diazepam,Analgesic,Syrup,250mg,10.98,16.78,180
MED248,Doxycycline 5ml,Doxycycline,Cardiovascular,Drops,5ml,20.13,31.95,540
MED249,Ciprofloxacin 100mg,Ciprofloxacin,Gastrointestinal,Syrup,100mg,25.88,49.09,180
MED250,Pantoprazole 50mg,Pantoprazole,Gastrointestinal,Syrup,50mg,25.32815789,41.46,365
MED251,Clopidogrel 5ml,Clopidogrel,Dermatological,Drops,5ml,15.11,23.2,365
MED252,Diclofenac 10ml,Diclofenac,Respiratory,Syrup,10ml,38.29,72.23,730
MED253,Amlodipine 100ml,Amlodipine,Neurological,Ointment,100ml,9.61,22.75,180
MED254,Alprazolam 10ml,Alprazolam,Analgesic,Tablet,10ml,20.91,48.32,365
MED255,Gliclazide 250mg,Gliclazide,Vitamins & Supplements,Tablet,250mg,25.32815789,77.63,730
MED256,Ranitidine 5mg,Ranitidine,Ophthalmic,Tablet,5mg,36.25,70.43,540
MED257,Escitalopram 25mg,Escitalopram,Antibiotic,Tablet,25mg,26.46,42.05,1095
MED258,Telmisartan 10mg,Telmisartan,Dermatological,Syrup,10mg,23.22,36.96,365
MED259,Diazepam 10ml,Diazepam,Analgesic,Inhaler,10ml,5.13,9,1095
MED260,Metformin 650mg,Metformin,Dermatological,Inhaler,650mg,32.42,55.03,180
MED261,Prednisolone 100ml,Prednisolone,Neurological,Ointment,100ml,13.92,33.53,540
MED262,Hydrochlorothiazide 250mg,Hydrochlorothiazide,Cardiovascular,Tablet,250mg,29.56,65.11,730
MED263,Clopidogrel 500mg,Clopidogrel,Ophthalmic,Drops,500mg,16.92,37.34,365
MED264,Gabapentin 250mg,Gabapentin,Antibiotic,Tablet,250mg,22.14,51.06,540
MED265,Sertraline 250mg,Sertraline,Respiratory,Tablet,250mg,39.29,72.32,365
MED266,Tramadol 5ml,Tramadol,Dermatological,Drops,5ml,4.74,9.68,365
MED267,Doxycycline 10ml,Doxycycline,Dermatological,Capsule,10ml,16.18,23.1,180
MED268,Atorvastatin 25mg,Atorvastatin,Antidiabetic,Tablet,25mg,21.83,42.97,1095
MED269,Metformin 5ml,Metformin,Gastrointestinal,Ointment,5ml,43.25,56.87,730
MED270,Prednisolone 50mg,Prednisolone,Ophthalmic,Ointment,50mg,8.89,15.62,365
MED271,Omeprazole 500mg,Omeprazole,Dermatological,Syrup,500mg,15.34,34.35,540
MED272,Rosuvastatin 5ml,Rosuvastatin,Neurological,Capsule,5ml,5.8,9.66,730
MED273,Pantoprazole 650mg,Pantoprazole,Dermatological,Syrup,650mg,40.87,95.28,1095
MED274,Azithromycin 650mg,Azithromycin,Antidiabetic,Syrup,650mg,48.25,118.81,540
MED275,Escitalopram 50mg,Escitalopram,Dermatological,Syrup,50mg,14.37,32.23,540
MED276,Montelukast 25mg,Montelukast,Ophthalmic,Drops,25mg,1.83,3.98,365
MED277,Alprazolam 500mg,Alprazolam,Neurological,Drops,500mg,7.39,12.29,540
MED278,Metformin 650mg,Metformin,Neurological,Ointment,650mg,29.32,56.92,730
MED279,Prednisolone 1000mg,Prednisolone,Antibiotic,Ointment,1000mg,5.91,9.44,540
MED280,Diclofenac 10ml,Diclofenac,Dermatological,Drops,10ml,48.36,82.11,730
MED281,Gabapentin 1000mg,Gabapentin,Vitamins & Supplements,Ointment,1000mg,34.54,54.06,540
MED282,Salbutamol 25mg,Salbutamol,Analgesic,Syrup,25mg,24.4,40.37,180
MED283,Cetirizine 250mg,Cetirizine,Cardiovascular,Injection,250mg,26.3,45.18,180
MED284,Cetirizine 5mg,Cetirizine,Antibiotic,Inhaler,5mg,1.62,2.77,180
MED285,Ibuprofen 1000mg,Ibuprofen,Ophthalmic,Capsule,1000mg,8.43,16.62,730
MED286,Diclofenac 10ml,Diclofenac,dermatological,Injection,10ml,1.95,3.97,365
MED287,Azithromycin 50mg,Azithromycin,Antibiotic,Syrup,50mg,29.08,65.7,1095
MED288,Losartan 10ml,Losartan,Neurological,Inhaler,10ml,26.62,55.02,1095
MED289,Ciprofloxacin 650mg,Ciprofloxacin,Antidiabetic,Ointment,650mg,40.78,87.56,540
MED290,Pantoprazole 10mg,Pantoprazole,Respiratory,Capsule,10mg,6.29,10.99,365
MED291,Telmisartan 500mg,Telmisartan,Neurological,Capsule,500mg,31.96,68.14,365
MED292,Pantoprazole 650mg,Pantoprazole,Analgesic,Ointment,650mg,43.34,105.85,730
MED293,Salbutamol 10ml,Salbutamol,Dermatological,Injection,10ml,34.39,61.86,730
MED294,Sertraline 50mg,Sertraline,Analgesic,Syrup,50mg,14.11,27.45,365
MED295,Levothyroxine 1000mg,Levothyroxine,Antibiotic,Ointment,1000mg,28.85,46.78,1095
MED296,Amoxicillin 100ml,Amoxicillin,Ophthalmic,Injection,100ml,11.32,20.49,365
MED297,Ciprofloxacin 10mg,Ciprofloxacin,Antibiotic,Injection,10mg,38.89,61.61,1095
MED298,Ranitidine 25mg,Ranitidine,Antidiabetic,Ointment,25mg,39.35,89.57,180
MED299,Omeprazole 250mg,Omeprazole,Respiratory,Drops,250mg,14.82,24.02,1095
MED300,Sertraline 500mg,Sertraline,Respiratory,Tablet,500mg,43.42,63.06,365
